{
  "meta_title": "Shop Carla Guimarães ",
  "meta_description": "A distribuidora de cosméticos multi marcas mais badalada do Brasil. Youtubber, digital influencer, cabeleireira e maquiadora!",
  "sections": [
    {
      "type": "banner-slider",
      "autoplay": 9000,
      "slides": [
        {
          "start": "",
          "end": "",
          "img": "/img/uploads/1.jpg"
        },
        {
          "start": "",
          "end": "",
          "img": "/img/uploads/2.jpeg"
        },
        {
          "start": "",
          "end": "",
          "img": "/img/uploads/3.jpeg"
        },
        {
          "start": "",
          "end": "",
          "img": "/img/uploads/4.jpg"
        },
        {
          "start": "",
          "end": "",
          "img": "/img/uploads/3eb1533e00f2d4d36fbcfaa42a4cef59.jpg"
        }
      ]
    },
    {
      "type": "responsive-banner",
      "img": "/img/uploads/tarjeta.png"
    },
    {
      "type": "collection-shelf",
      "shuffle": true,
      "collection_id": null
    }
  ]
}